<?xml version="1.0" encoding="UTF-8"?>
<project-private xmlns="http://www.netbeans.org/ns/project-private/1">
    <data xmlns="http://www.netbeans.org/ns/make-project-private/1">
        <activeConfTypeElem>1</activeConfTypeElem>
        <activeConfIndexElem>0</activeConfIndexElem>
    </data>
    <editor-bookmarks xmlns="http://www.netbeans.org/ns/editor-bookmarks/2" lastBookmarkId="0"/>
    <open-files xmlns="http://www.netbeans.org/ns/projectui-open-files/2">
        <group>
            <file>file:/C:/Users/Kauru99/Documents/School/CSC_17A/JabonilloJarone_Csc17a_48983/Proj/Project%202/Arena2/Player.h</file>
            <file>file:/C:/Users/Kauru99/Documents/School/CSC_17A/JabonilloJarone_Csc17a_48983/Proj/Project%202/Arena2/Boss.h</file>
            <file>file:/C:/Users/Kauru99/Documents/School/CSC_17A/JabonilloJarone_Csc17a_48983/Proj/Project%202/Arena2/Brute.cpp</file>
            <file>file:/C:/Users/Kauru99/Documents/School/CSC_17A/JabonilloJarone_Csc17a_48983/Proj/Project%202/Arena2/Knght.cpp</file>
            <file>file:/C:/Users/Kauru99/Documents/School/CSC_17A/JabonilloJarone_Csc17a_48983/Proj/Project%202/Arena2/Knght.h</file>
            <file>file:/C:/Users/Kauru99/Documents/School/CSC_17A/JabonilloJarone_Csc17a_48983/Proj/Project%202/Arena2/Mage.cpp</file>
            <file>file:/C:/Users/Kauru99/Documents/School/CSC_17A/JabonilloJarone_Csc17a_48983/Proj/Project%202/Arena2/Player.cpp</file>
            <file>file:/C:/Users/Kauru99/Documents/School/CSC_17A/JabonilloJarone_Csc17a_48983/Proj/Project%202/Arena2/Boss.cpp</file>
            <file>file:/C:/Users/Kauru99/Documents/School/CSC_17A/JabonilloJarone_Csc17a_48983/Proj/Project%202/Arena2/Enemy.h</file>
            <file>file:/C:/Users/Kauru99/Documents/School/CSC_17A/JabonilloJarone_Csc17a_48983/Proj/Project%202/Arena2/Inv.h</file>
            <file>file:/C:/Users/Kauru99/Documents/School/CSC_17A/JabonilloJarone_Csc17a_48983/Proj/Project%202/Arena2/Person.h</file>
            <file>file:/C:/Users/Kauru99/Documents/School/CSC_17A/JabonilloJarone_Csc17a_48983/Proj/Project%202/Arena2/Enemy.cpp</file>
            <file>file:/C:/Users/Kauru99/Documents/School/CSC_17A/JabonilloJarone_Csc17a_48983/Proj/Project%202/Arena2/Mage.h</file>
            <file>file:/C:/Users/Kauru99/Documents/School/CSC_17A/JabonilloJarone_Csc17a_48983/Proj/Project%202/Arena2/Assn.h</file>
            <file>file:/C:/Users/Kauru99/Documents/School/CSC_17A/JabonilloJarone_Csc17a_48983/Proj/Project%202/Arena2/main.cpp</file>
            <file>file:/C:/Users/Kauru99/Documents/School/CSC_17A/JabonilloJarone_Csc17a_48983/Proj/Project%202/Arena2/Game.cpp</file>
            <file>file:/C:/Users/Kauru99/Documents/School/CSC_17A/JabonilloJarone_Csc17a_48983/Proj/Project%202/Arena2/Brute.h</file>
            <file>file:/C:/Users/Kauru99/Documents/School/CSC_17A/JabonilloJarone_Csc17a_48983/Proj/Project%202/Arena2/Assn.cpp</file>
            <file>file:/C:/Users/Kauru99/Documents/School/CSC_17A/JabonilloJarone_Csc17a_48983/Proj/Project%202/Arena2/Game.h</file>
        </group>
    </open-files>
</project-private>
