<?xml version="1.0" encoding="UTF-8"?>
<configurationDescriptor version="94">
  <logicalFolder name="root" displayName="root" projectFiles="true" kind="ROOT">
    <logicalFolder name="HeaderFiles"
                   displayName="Header Files"
                   projectFiles="true">
      <itemPath>Assn.h</itemPath>
      <itemPath>Boss.h</itemPath>
      <itemPath>Brute.h</itemPath>
      <itemPath>Enemy.h</itemPath>
      <itemPath>Game.h</itemPath>
      <itemPath>Inv.h</itemPath>
      <itemPath>Knght.h</itemPath>
      <itemPath>Mage.h</itemPath>
      <itemPath>Person.h</itemPath>
      <itemPath>Player.h</itemPath>
    </logicalFolder>
    <logicalFolder name="ResourceFiles"
                   displayName="Resource Files"
                   projectFiles="true">
    </logicalFolder>
    <logicalFolder name="SourceFiles"
                   displayName="Source Files"
                   projectFiles="true">
      <itemPath>Assn.cpp</itemPath>
      <itemPath>Boss.cpp</itemPath>
      <itemPath>Brute.cpp</itemPath>
      <itemPath>Enemy.cpp</itemPath>
      <itemPath>Game.cpp</itemPath>
      <itemPath>Knght.cpp</itemPath>
      <itemPath>Mage.cpp</itemPath>
      <itemPath>Player.cpp</itemPath>
      <itemPath>main.cpp</itemPath>
    </logicalFolder>
    <logicalFolder name="TestFiles"
                   displayName="Test Files"
                   projectFiles="false"
                   kind="TEST_LOGICAL_FOLDER">
    </logicalFolder>
    <logicalFolder name="ExternalFiles"
                   displayName="Important Files"
                   projectFiles="false"
                   kind="IMPORTANT_FILES_FOLDER">
      <itemPath>Makefile</itemPath>
    </logicalFolder>
  </logicalFolder>
  <projectmakefile>Makefile</projectmakefile>
  <confs>
    <conf name="Debug" type="1">
      <toolsSet>
        <compilerSet>default</compilerSet>
        <dependencyChecking>true</dependencyChecking>
        <rebuildPropChanged>false</rebuildPropChanged>
      </toolsSet>
      <compileType>
      </compileType>
      <item path="Assn.cpp" ex="false" tool="1" flavor2="0">
      </item>
      <item path="Assn.h" ex="false" tool="3" flavor2="0">
      </item>
      <item path="Boss.cpp" ex="false" tool="1" flavor2="0">
      </item>
      <item path="Boss.h" ex="false" tool="3" flavor2="0">
      </item>
      <item path="Brute.cpp" ex="false" tool="1" flavor2="0">
      </item>
      <item path="Brute.h" ex="false" tool="3" flavor2="0">
      </item>
      <item path="Enemy.cpp" ex="false" tool="1" flavor2="0">
      </item>
      <item path="Enemy.h" ex="false" tool="3" flavor2="0">
      </item>
      <item path="Game.cpp" ex="false" tool="1" flavor2="0">
      </item>
      <item path="Game.h" ex="false" tool="3" flavor2="0">
      </item>
      <item path="Inv.h" ex="false" tool="3" flavor2="0">
      </item>
      <item path="Knght.cpp" ex="false" tool="1" flavor2="0">
      </item>
      <item path="Knght.h" ex="false" tool="3" flavor2="0">
      </item>
      <item path="Mage.cpp" ex="false" tool="1" flavor2="0">
      </item>
      <item path="Mage.h" ex="false" tool="3" flavor2="0">
      </item>
      <item path="Person.h" ex="false" tool="3" flavor2="0">
      </item>
      <item path="Player.cpp" ex="false" tool="1" flavor2="0">
      </item>
      <item path="Player.h" ex="false" tool="3" flavor2="0">
      </item>
      <item path="main.cpp" ex="false" tool="1" flavor2="0">
      </item>
    </conf>
    <conf name="Release" type="1">
      <toolsSet>
        <compilerSet>default</compilerSet>
        <dependencyChecking>true</dependencyChecking>
        <rebuildPropChanged>false</rebuildPropChanged>
      </toolsSet>
      <compileType>
        <cTool>
          <developmentMode>5</developmentMode>
        </cTool>
        <ccTool>
          <developmentMode>5</developmentMode>
        </ccTool>
        <fortranCompilerTool>
          <developmentMode>5</developmentMode>
        </fortranCompilerTool>
        <asmTool>
          <developmentMode>5</developmentMode>
        </asmTool>
      </compileType>
      <item path="Assn.cpp" ex="false" tool="1" flavor2="0">
      </item>
      <item path="Assn.h" ex="false" tool="3" flavor2="0">
      </item>
      <item path="Boss.cpp" ex="false" tool="1" flavor2="0">
      </item>
      <item path="Boss.h" ex="false" tool="3" flavor2="0">
      </item>
      <item path="Brute.cpp" ex="false" tool="1" flavor2="0">
      </item>
      <item path="Brute.h" ex="false" tool="3" flavor2="0">
      </item>
      <item path="Enemy.cpp" ex="false" tool="1" flavor2="0">
      </item>
      <item path="Enemy.h" ex="false" tool="3" flavor2="0">
      </item>
      <item path="Game.cpp" ex="false" tool="1" flavor2="0">
      </item>
      <item path="Game.h" ex="false" tool="3" flavor2="0">
      </item>
      <item path="Inv.h" ex="false" tool="3" flavor2="0">
      </item>
      <item path="Knght.cpp" ex="false" tool="1" flavor2="0">
      </item>
      <item path="Knght.h" ex="false" tool="3" flavor2="0">
      </item>
      <item path="Mage.cpp" ex="false" tool="1" flavor2="0">
      </item>
      <item path="Mage.h" ex="false" tool="3" flavor2="0">
      </item>
      <item path="Person.h" ex="false" tool="3" flavor2="0">
      </item>
      <item path="Player.cpp" ex="false" tool="1" flavor2="0">
      </item>
      <item path="Player.h" ex="false" tool="3" flavor2="0">
      </item>
      <item path="main.cpp" ex="false" tool="1" flavor2="0">
      </item>
    </conf>
  </confs>
</configurationDescriptor>
